ITEM_NO,DESC1,DESC2,STK_UOM,PRC_UOM,LIST_PRICE,BF_PER_PC,DEPT,STATUS,SUPERSEDED_BY,BIN,LAST_RCV,USER_DEF_1
SPF2X4-08,2X4-8' SPF #2&BTR KD,,PC,MBF,663.00,5.333,10,A,,Y-H9,2026-02-21,MILL DIRECT
PTG2X4-08,2X4-8' PT GC #2 BRN,,PC,MBF,961.35,5.333,10,A,,Y-G23,2026-05-20,NO BACKORDER
SPF2X4-10,2X4-10' SPF #2&BTR KD,,PC,MBF,655.20,6.667,10,A,,S-B12,2026-07-20,
PTG2X4-10,2X4-10' PT GC #2 BRN,,PC,MBF,950.04,6.667,10,A,,S-D28,2026-08-04,MILL DIRECT
SPF2X4-12,2X4-12' SPF #2&BTR KD,,PC,MBF,650.00,8.000,10,A,,S-F20,2026-06-26,SPEC ORD OK
PTG2X4-12,2X4-12' PT GC #2 BRN,,PC,MBF,942.50,8.000,10,A,,W-C26,2026-03-05,
SPF2X4-16,2X4-16' SPF #2&BTR KD,,PC,MBF,640.58,10.667,10,A,,W-C29,2026-06-21,SPEC ORD OK
PTG2X4-16,2X4-16' PT GC #2 BRN,,PC,MBF,929.17,10.667,10,A,,Y-C17,2026-05-12,
SPF2X6-08,2X6-8' SPF #2&BTR KD,,PC,MBF,728.00,8.000,10,A,,S-A11,2026-04-19,SPEC ORD OK
PTG2X6-08,2X6-8' PT GC #2 BRN,,PC,MBF,1055.60,8.000,10,A,,W-B13,2026-03-11,
SPF2X6-10,2X6-10' SPF #2&BTR KD,,PC,MBF,719.68,10.000,10,A,,Y-E19,2026-03-26,MILL DIRECT
PTG2X6-10,2X6-10' PT GC #2 BRN,,PC,MBF,1043.12,10.000,10,A,,S-F20,2026-05-15,NO BACKORDER
SPF2X6-12,2X6-12' SPF #2&BTR KD,,PC,MBF,713.27,12.000,10,A,,S-D22,2026-03-17,
PTG2X6-12,2X6-12' PT GC #2 BRN,,PC,MBF,1033.93,12.000,10,A,,Y-D24,2026-08-04,CHK W/ BUYER
SPF2X6-16,2X6-16' SPF #2&BTR KD,,PC,MBF,703.30,16.000,10,A,,Y-D5,2026-01-28,
PTG2X6-16,2X6-16' PT GC #2 BRN,,PC,MBF,1019.85,16.000,10,A,,W-B14,2026-06-04,SPEC ORD OK
SPF2X8-08,2X8-8' SPF #2&BTR KD,,PC,MBF,799.50,10.667,10,A,,S-H27,2026-09-22,
PTG2X8-08,2X8-8' PT GC #2 BRN,,PC,MBF,1159.28,10.667,10,A,,Y-B3,2026-01-18,
SPF2X8-10,2X8-10' SPF #2&BTR KD,,PC,MBF,790.92,13.333,10,A,,S-D21,2026-03-25,
PTG2X8-10,2X8-10' PT GC #2 BRN,,PC,MBF,1146.60,13.333,10,A,,W-H4,2026-05-01,SPEC ORD OK
SPF2X8-12,2X8-12' SPF #2&BTR KD,,PC,MBF,783.25,16.000,10,A,,W-H1,2026-09-06,SPEC ORD OK
PTG2X8-12,2X8-12' PT GC #2 BRN,,PC,MBF,1135.55,16.000,10,A,,W-F8,2026-03-06,MILL DIRECT
SPF2X8-16,2X8-16' SPF #2&BTR KD,,PC,MBF,772.20,21.333,10,A,,Y-G22,2026-07-14,
PTG2X8-16,2X8-16' PT GC #2 BRN,,PC,MBF,1119.79,21.333,10,A,,Y-H4,2026-07-26,
SPF2X10-08,2X10-8' SPF #2&BTR KD,,PC,MBF,975.00,13.333,10,A,,S-G30,2026-09-22,
PTG2X10-08,2X10-8' PT GC #2 BRN,,PC,MBF,1414.14,13.333,10,A,,Y-F27,2026-04-07,
SPF2X10-10,2X10-10' SPF #2&BTR KD,,PC,MBF,964.08,16.667,10,A,,S-E11,2026-06-21,
PTG2X10-10,2X10-10' PT GC #2 BRN,,PC,MBF,1397.76,16.667,10,A,,S-D6,2026-03-28,SPEC ORD OK
SPF2X10-12,2X10-12' SPF #2&BTR KD,,PC,MBF,955.24,20.000,10,A,,W-G28,2026-02-19,
PTG2X10-12,2X10-12' PT GC #2 BRN,,PC,MBF,1385.28,20.000,10,A,,W-E24,2026-09-14,
SPF2X10-16,2X10-16' SPF #2&BTR KD,,PC,MBF,941.85,26.667,10,A,,W-B20,2026-05-16,MILL DIRECT
PTG2X10-16,2X10-16' PT GC #2 BRN,,PC,MBF,1365.78,26.667,10,A,,S-C23,2026-01-09,MILL DIRECT
SPF2X12-08,2X12-8' SPF #2&BTR KD,,PC,MBF,1098.50,16.000,10,A,,Y-F9,2026-03-19,MILL DIRECT
PTG2X12-08,2X12-8' PT GC #2 BRN,,PC,MBF,1592.50,16.000,10,A,,Y-G25,2026-09-26,NO BACKORDER
SPF2X12-10,2X12-10' SPF #2&BTR KD,,PC,MBF,1086.28,20.000,10,A,,S-A23,2026-06-21,SPEC ORD OK
PTG2X12-10,2X12-10' PT GC #2 BRN,,PC,MBF,1575.08,20.000,10,A,,Y-B3,2026-01-03,
SPF2X12-12,2X12-12' SPF #2&BTR KD,,PC,MBF,1076.40,24.000,10,A,,W-H6,2026-02-06,NO BACKORDER
PTG2X12-12,2X12-12' PT GC #2 BRN,,PC,MBF,1560.87,24.000,10,A,,Y-D30,2026-04-19,CHK W/ BUYER
SPF2X12-16,2X12-16' SPF #2&BTR KD,,PC,MBF,1061.13,32.000,10,A,,W-D2,2026-03-23,SPEC ORD OK
PTG2X12-16,2X12-16' PT GC #2 BRN,,PC,MBF,1538.55,32.000,10,A,,Y-H16,2026-02-06,NO BACKORDER
SPF2X4-925,2X4-92 5/8 PRECUT STUD,SPF KD,PC,PC,3.74,,10,A,,Y-A9,2026-06-16,MILL DIRECT
SPF2X6-925,2X6-92 5/8 PRECUT STUD,SPF KD,PC,PC,6.34,,10,A,,S-A13,2026-03-01,
SPF4X4-08,4X4-8' SPF POST,,PC,MBF,1209.00,10.667,10,A,,W-A8,2026-09-22,CHK W/ BUYER
PTG4X4-08,4X4-8' PT GC POST,,PC,MBF,1872.00,10.667,10,A,,W-G29,2026-08-19,NO BACKORDER
SPF4X4-10,4X4-10' SPF POST,,PC,MBF,1209.00,13.333,10,A,,W-D15,2026-05-16,CHK W/ BUYER
PTG4X4-10,4X4-10' PT GC POST,,PC,MBF,1872.00,13.333,10,A,,W-F22,2026-08-24,SPEC ORD OK
SPF4X4-12,4X4-12' SPF POST,,PC,MBF,1209.00,16.000,10,A,,W-D29,2026-09-11,
PTG4X4-12,4X4-12' PT GC POST,,PC,MBF,1872.00,16.000,10,A,,W-H22,2026-07-27,CHK W/ BUYER
PTG6X6-08,6X6-8' PT GC TIMBER,,PC,MBF,1802.67,24.000,10,A,,Y-B24,2026-01-26,CHK W/ BUYER
PTG6X6-10,6X6-10' PT GC TIMBER,,PC,MBF,1802.67,30.000,10,A,,W-F17,2026-04-25,MILL DIRECT
PTG6X6-12,6X6-12' PT GC TIMBER,,PC,MBF,1802.67,36.000,10,A,,S-C21,2026-04-12,
PIN1X4-08,1X4-8' PINE #3 COMMON,,PC,LF,0.99,,10,A,,W-B27,2026-08-10,NO BACKORDER
PIN1X4-12,1X4-12' PINE #3 COMMON,,PC,LF,0.99,,10,A,,S-A10,2026-09-01,
PIN1X6-08,1X6-8' PINE #3 COMMON,,PC,LF,1.56,,10,A,,W-A21,2026-09-05,
PIN1X6-12,1X6-12' PINE #3 COMMON,,PC,LF,1.56,,10,A,,S-F6,2026-02-18,
PIN1X8-08,1X8-8' PINE #3 COMMON,,PC,LF,2.18,,10,A,,S-E23,2026-02-10,CHK W/ BUYER
PIN1X8-12,1X8-12' PINE #3 COMMON,,PC,LF,2.18,,10,A,,S-E18,2026-07-20,CHK W/ BUYER
PLY12CDX,1/2 CDX PLY 4X8,,SHT,SHT,39.52,,20,A,,W-A2,2026-06-07,NO BACKORDER
PLY58CDX,5/8 CDX PLY 4X8,,SHT,SHT,47.84,,20,A,,Y-B19,2026-06-23,
PLY34CDX,3/4 CDX PLY 4X8,,SHT,SHT,60.32,,20,A,,S-A21,2026-04-23,NO BACKORDER
PLY34PTG,3/4 PT PLY 4X8 GC,,SHT,SHT,87.36,,20,A,,S-A28,2026-05-24,
PLY34BIR,3/4 BIRCH G1S 4X8,,SHT,SHT,95.68,,20,A,,S-G22,2026-09-25,
OSB716N,7/16 OSB SHTG 4X8,,SHT,SHT,18.20,,20,A,,S-B4,2026-09-27,
OSB716,7/16 OSB SHTG 4X8,USE OSB716N,SHT,SHT,17.47,,20,S,OSB716N,Y-C29,2026-08-27,
OSB12,1/2 OSB SHTG 4X8,,SHT,SHT,21.84,,20,A,,Y-A15,2026-06-04,
OSB58,5/8 OSB SHTG 4X8,,SHT,SHT,28.08,,20,A,,W-B2,2026-01-03,NO BACKORDER
OSB2332TG,23/32 OSB T&G SUBFLR,,SHT,SHT,40.56,,20,A,,W-G22,2026-05-20,
MDF34,MDF 3/4 4X8,,SHT,SHT,56.16,,20,A,,W-H24,2026-09-20,NO BACKORDER
MDF12,MDF 1/2 4X8,,SHT,SHT,43.68,,20,A,,S-B2,2026-07-19,MILL DIRECT
GYP12R08,GYP 1/2 REG 4X8,,SHT,SHT,13.00,,30,A,,W-D15,2026-02-02,
GYP-12-REG-48,DRYWALL 1/2IN REGULAR 4X8,BR2,SHT,SHT,13.26,,30,A,,W-C7,2026-06-04,
GYP12R10,GYP 1/2 REG 4X10,,SHT,SHT,16.26,,30,A,,Y-G27,2026-01-22,
GYP12R12,GYP 1/2 REG 4X12,,SHT,SHT,19.50,,30,A,,W-H24,2026-01-28,
GYP12M08,GYP 1/2 MR GREEN 4X8,,SHT,SHT,17.68,,30,A,,W-D1,2026-02-22,CHK W/ BUYER
GYP12M10,GYP 1/2 MR GREEN 4X10,,SHT,SHT,22.10,,30,A,,Y-G25,2026-03-13,
GYP12M12,GYP 1/2 MR GREEN 4X12,,SHT,SHT,26.52,,30,A,,Y-H27,2026-07-14,SPEC ORD OK
GYP12L08,GYP 1/2 LT WT 4X8,,SHT,SHT,14.56,,30,A,,S-G23,2026-09-20,
GYP12L10,GYP 1/2 LT WT 4X10,,SHT,SHT,18.20,,30,A,,S-C26,2026-02-24,NO BACKORDER
GYP12L12,GYP 1/2 LT WT 4X12,,SHT,SHT,21.84,,30,A,,S-D24,2026-08-02,
GYP58R08,GYP 5/8 REG 4X8,,SHT,SHT,15.60,,30,A,,Y-A18,2026-08-18,CHK W/ BUYER
GYP58R10,GYP 5/8 REG 4X10,,SHT,SHT,19.50,,30,A,,S-G7,2026-06-13,
GYP58R12,GYP 5/8 REG 4X12,,SHT,SHT,23.40,,30,A,,W-G16,2026-04-14,
GYP58X08,GYP 5/8 TYPE X FR 4X8,,SHT,SHT,17.68,,30,A,,S-G9,2026-03-18,MILL DIRECT
GYP58X10,GYP 5/8 TYPE X FR 4X10,,SHT,SHT,22.10,,30,A,,S-E10,2026-06-17,NO BACKORDER
GYP58X12,GYP 5/8 TYPE X FR 4X12,,SHT,SHT,26.52,,30,A,,W-B7,2026-02-10,NO BACKORDER
GYP58M08,GYP 5/8 MR TYPE X 4X8,,SHT,SHT,21.84,,30,A,,S-F12,2026-04-12,
GYP58M10,GYP 5/8 MR TYPE X 4X10,,SHT,SHT,27.30,,30,A,,Y-A15,2026-04-03,NO BACKORDER
GYP58M12,GYP 5/8 MR TYPE X 4X12,,SHT,SHT,32.76,,30,A,,W-D3,2026-08-08,
JC-AP17,JOINT CMPD ALL PURP 17L,,PL,PL,17.68,,30,A,,Y-B14,2026-02-18,NO BACKORDER
TAPE-P250,DW TAPE PAPER 250',,RL,RL,4.68,,30,A,,S-G15,2026-08-20,
TAPE-M300,DW TAPE MESH S/A 300',,RL,RL,7.28,,30,A,,W-F27,2026-06-28,
DS10-212T-01,#10X2-1/2 DECK SCR TAN 1#,,BX,BX,10.40,,40,A,,S-A4,2026-03-24,SPEC ORD OK
DS10-212T-05,#10X2-1/2 DECK SCR TAN 5#,,BX,BX,39.00,,40,A,,S-E8,2026-05-22,
DS10-212T-25,#10X2-1/2 DECK SCR TAN 25#,,PL,PL,143.00,,40,A,,S-F18,2026-09-09,
DS10-3T-01,#10X3 DECK SCR TAN 1#,,BX,BX,10.40,,40,A,,S-E19,2026-07-20,
DS10-3T-05N,#10X3 DECK SCR TAN 5#,,BX,BX,39.00,,40,A,,S-H26,2026-07-16,
DS10-3T-05,#10X3 DECK SCR TAN 5#,DISC - SEE DS10-3T-05N,BX,BX,37.05,,40,S,DS10-3T-05N,W-E14,2026-01-25,NO BACKORDER
DS10-3T-25,#10X3 DECK SCR TAN 25#,,PL,PL,143.00,,40,A,,S-C23,2026-09-16,NO BACKORDER
DS10-3G-01,#10X3 DECK SCR GRAY 1#,,BX,BX,10.40,,40,A,,Y-B14,2026-04-02,MILL DIRECT
DS10-3G-05,#10X3 DECK SCR GRAY 5#,,BX,BX,39.00,,40,A,,S-G3,2026-03-18,
DS10-3G-25,#10X3 DECK SCR GRAY 25#,,PL,PL,143.00,,40,A,,Y-C3,2026-04-13,NO BACKORDER
DS10-212B-01,#10X2-1/2 DECK SCR BRN 1#,,BX,BX,10.40,,40,A,,W-E13,2026-06-26,SPEC ORD OK
DS10-212B-05,#10X2-1/2 DECK SCR BRN 5#,,BX,BX,39.00,,40,A,,W-G30,2026-06-12,NO BACKORDER
DS10-212B-25,#10X2-1/2 DECK SCR BRN 25#,,PL,PL,143.00,,40,A,,Y-C1,2026-08-04,
STRC3-01,#9X3 STRUCT WOOD SCR 1#,,BX,BX,10.40,,40,A,,W-B9,2026-02-22,
STRC3-05,#9X3 STRUCT WOOD SCR 5#,,BX,BX,39.00,,40,A,,W-G1,2026-08-26,CHK W/ BUYER
DRY158-01,#6X1-5/8 DW SCR CRS 1#,,BX,BX,8.32,,40,A,,S-A6,2026-01-28,MILL DIRECT
DRY158-05,#6X1-5/8 DW SCR CRS 5#,,BX,BX,31.20,,40,A,,Y-E26,2026-07-23,
DRY158-25,#6X1-5/8 DW SCR CRS 25#,,PL,PL,114.40,,40,A,,Y-E23,2026-01-09,
DRY214-01,#6X2-1/4 DW SCR CRS 1#,,BX,BX,8.32,,40,A,,S-F19,2026-02-27,SPEC ORD OK
DRY214-05,#6X2-1/4 DW SCR CRS 5#,,BX,BX,31.20,,40,A,,W-F5,2026-09-05,
DRY214-25,#6X2-1/4 DW SCR CRS 25#,,PL,PL,114.40,,40,A,,S-D14,2026-09-13,MILL DIRECT
DRY158FINE-01,#6X1-5/8 DW SCR FINE 1#,,BX,BX,8.32,,40,A,,W-A6,2026-02-24,
DRY158FINE-05,#6X1-5/8 DW SCR FINE 5#,,BX,BX,31.20,,40,A,,S-E4,2026-05-15,
DRY158FINE-25,#6X1-5/8 DW SCR FINE 25#,,PL,PL,114.40,,40,A,,W-G14,2026-02-02,NO BACKORDER
16DCOM-05,16D CMN BRT NAIL 5#,,BX,BX,14.56,,40,A,,W-B25,2026-01-26,CHK W/ BUYER
16DCOM-50,16D CMN BRT NAIL 50#,,BX,BX,88.40,,40,A,,S-F21,2026-08-08,NO BACKORDER
16DSINK-05,16D SINKER VC 5#,,BX,BX,14.56,,40,A,,W-A4,2026-01-02,MILL DIRECT
16DSINK-50,16D SINKER VC 50#,,BX,BX,88.40,,40,A,,Y-B11,2026-06-07,
8DCOM-05,8D CMN BRT NAIL 5#,,BX,BX,14.56,,40,A,,S-G21,2026-08-06,
8DCOM-50,8D CMN BRT NAIL 50#,,BX,BX,88.40,,40,A,,W-D18,2026-04-16,SPEC ORD OK
10DGALV-05,10D HDG NAIL 5#,,BX,BX,14.56,,40,A,,S-D11,2026-09-21,SPEC ORD OK
10DGALV-50,10D HDG NAIL 50#,,BX,BX,88.40,,40,A,,Y-H28,2026-07-16,NO BACKORDER
FRM3PAPER-05,3IN 30D PAPER FRM NAIL 5#,,BX,BX,14.56,,40,A,,S-B15,2026-04-22,CHK W/ BUYER
FRM3PAPER-50,3IN 30D PAPER FRM NAIL 50#,,BX,BX,88.40,,40,A,,S-E1,2026-03-22,MILL DIRECT
ROOF118-05,1-1/8 EG ROOF NAIL 5#,,BX,BX,16.64,,40,A,,Y-E28,2026-01-27,NO BACKORDER
ROOF114-01,1-1/4 EG ROOF NAIL 1#,,BX,BX,6.24,,40,A,,W-G28,2026-09-02,CHK W/ BUYER
CS14-314,1/4X3-1/4 CONC SCR 100CT,,BX,BX,33.28,,40,A,,W-F3,2026-04-03,
WA12-6,1/2X6 WEDGE ANCHOR 50CT,,BX,BX,60.32,,40,A,,W-C12,2026-01-12,
JB12-06,1/2X6 J-BOLT GALV,,EA,C,145.60,,40,A,,S-G2,2026-04-17,NO BACKORDER
JB12-08,1/2X8 J-BOLT GALV,,EA,C,197.60,,40,A,,Y-A13,2026-01-08,NO BACKORDER
JB58-10,5/8X10 J-BOLT GALV,,EA,C,332.80,,40,A,,Y-H27,2026-06-05,
JH2X4,JST HGR 2X4 FACE MT,,EA,EA,0.88,,40,A,,S-C14,2026-03-11,
JH2X6,JST HGR 2X6 FACE MT,,EA,EA,1.09,,40,A,,Y-B19,2026-06-01,SPEC ORD OK
JH2X8,JST HGR 2X8 FACE MT,,EA,EA,1.35,,40,A,,Y-A22,2026-07-20,NO BACKORDER
JH2X10,JST HGR 2X10 FACE MT,,EA,EA,1.66,,40,A,,S-A8,2026-02-11,
HT25A,HURR TIE H2.5A,,EA,EA,0.99,,40,A,,Y-A5,2026-05-28,
PB44ADJ,POST BASE ADJ 4X4,,EA,EA,12.48,,40,A,,W-F4,2026-09-19,CHK W/ BUYER
ST12,STRAP TIE 12IN FLAT,,EA,EA,1.82,,40,A,,S-F5,2026-04-13,
JH2X6-BX25,JST HGR 2X6 BX/25,,BX,BX,22.88,,40,A,,Y-D24,2026-06-19,CHK W/ BUYER
CM30,CONC MIX 30KG,,BAG,BAG,8.84,,50,A,,S-E1,2026-04-27,NO BACKORDER
CMF20,CONC FAST SET 20KG,,BAG,BAG,11.44,,50,A,,S-G13,2026-07-11,MILL DIRECT
CEMGU30,CEMENT GU 30KG,,BAG,BAG,16.64,,50,A,,Y-E1,2026-05-14,
MORS30,MORTAR TYPE S 30KG,,BAG,BAG,11.96,,50,A,,Y-D6,2026-05-03,
MORN30,MORTAR TYPE N 30KG,,BAG,BAG,10.92,,50,A,,S-E25,2026-08-19,CHK W/ BUYER
SAND30,SAND ALL PURP 30KG,,BAG,BAG,5.72,,50,A,,S-D28,2026-04-11,
GRAV30,GRAVEL 3/4 CRUSH 30KG,,BAG,BAG,6.76,,50,A,,Y-A1,2026-06-19,
CMU8,CMU 8IN STD 8X8X16,,EA,EA,2.50,,50,A,,Y-A21,2026-09-25,CHK W/ BUYER
CMU4CAP,CMU 4IN SOLID CAP,,EA,EA,2.18,,50,A,,S-F17,2026-06-02,
WWM6610,WWM 6X6 W1.4 5X10,,SHT,SHT,14.56,,50,A,,W-E16,2026-06-18,MILL DIRECT
RB10M-3,REBAR 10M X 3M,,PC,PC,5.41,,50,A,,S-C26,2026-01-02,NO BACKORDER
RB15M-3,REBAR 15M X 3M,,PC,PC,8.74,,50,A,,S-B1,2026-02-02,MILL DIRECT
RB15M-6,REBAR 15M X 6M,,PC,PC,17.16,,50,A,,S-E13,2026-08-02,CHK W/ BUYER
TF8-4,TUBE FORM 8IN X 4',,PC,PC,19.76,,50,A,,S-D11,2026-02-18,
TF12-4,TUBE FORM 12IN X 4',,PC,PC,29.12,,50,A,,Y-F3,2026-06-26,
SH3T-CHR,SHGL 3-TAB CHARCOAL,DISCONTINUED,BDL,BDL,35.36,,60,I,,S-B19,2026-01-26,NO BACKORDER
SHAR-ONX,SHGL ARCH ONYX BLK,,BDL,BDL,45.76,,60,A,,Y-E11,2026-05-12,SPEC ORD OK
SHAR-WW,SHGL ARCH WTHRD WOOD,,BDL,BDL,45.76,,60,A,,S-H27,2026-01-08,MILL DIRECT
SHHR,SHGL HIP&RDG CAP 20LF,,BDL,BDL,54.08,,60,A,,W-B18,2026-03-12,NO BACKORDER
FELT15,FELT #15 432SF,,RL,RL,31.20,,60,A,,S-C4,2026-02-07,
FELT30,FELT #30 216SF,,RL,RL,35.36,,60,A,,S-F20,2026-08-02,NO BACKORDER
ULSYN10,UNDERLAY SYNTH 10SQ,,RL,RL,150.80,,60,A,,S-B14,2026-04-22,NO BACKORDER
IWS36,ICE&WTR 36INX66',,RL,RL,153.92,,60,A,,S-A4,2026-08-24,NO BACKORDER
DE10-WH,DRIP EDGE ALUM 10' WHT,,PC,PC,7.80,,60,A,,Y-E14,2026-07-19,
DE10-BR,DRIP EDGE ALUM 10' BRN,,PC,PC,7.80,,60,A,,Y-A13,2026-09-19,CHK W/ BUYER
RV4,RIDGE VENT 4',,PC,PC,9.36,,60,A,,S-G23,2026-03-20,CHK W/ BUYER
BT12-15,BATT R12 3.5X15 KRAFT,,BAG,BAG,64.48,,70,A,,S-E20,2026-07-17,
BT12-23,BATT R12 3.5X23 KRAFT,,BAG,BAG,81.12,,70,A,,S-F7,2026-04-04,CHK W/ BUYER
BT20-15,BATT R20 5.5X15 KRAFT,,BAG,BAG,76.96,,70,A,,Y-C27,2026-07-21,
BT20-23,BATT R20 5.5X23 KRAFT,,BAG,BAG,95.68,,70,A,,S-G1,2026-07-12,
BT31-16,BATT R31 UNFCD 16IN,,BAG,BAG,70.72,,70,A,,Y-B14,2026-09-17,NO BACKORDER
BT40-16,BATT R40 UNFCD 16IN,,BAG,BAG,85.28,,70,A,,Y-D7,2026-09-03,
RF1-48,RIGID FOAM 1IN 4X8,,SHT,SHT,29.12,,70,A,,W-C29,2026-02-07,CHK W/ BUYER
RF2-48,RIGID FOAM 2IN 4X8,,SHT,SHT,49.92,,70,A,,W-H9,2026-01-23,
FS340,FOAM SEALANT 340G,,EA,EA,7.28,,70,A,,W-H19,2026-07-19,
HW9-100,HOUSEWRAP 9X100,,RL,RL,171.60,,70,A,,S-F1,2026-05-02,MILL DIRECT
HW3-100,HOUSEWRAP 3X100,,RL,RL,64.48,,70,A,,W-F15,2026-01-27,SPEC ORD OK
FT6-75,FLASH TAPE 6INX75',,RL,RL,43.68,,70,A,,S-E18,2026-05-20,CHK W/ BUYER
FT4-75,FLASH TAPE 4INX75',,RL,RL,33.28,,70,A,,Y-F29,2026-07-21,CHK W/ BUYER
CN1-1M,CAP NAIL 1IN PLSTC 1M,,BX,BX,14.56,,70,A,,S-G3,2026-05-12,SPEC ORD OK
POLY6-10,POLY 6MIL 10X100 CLR,,RL,RL,70.72,,70,A,,Y-F10,2026-05-13,
PTD546-08,5/4X6-8' PT DECK RAD,,PC,LF,1.25,,80,A,,W-A14,2026-01-02,
PTD546-12,5/4X6-12' PT DECK RAD,,PC,LF,1.25,,80,A,,W-F26,2026-02-02,
PTD546-16,5/4X6-16' PT DECK RAD,,PC,LF,1.25,,80,A,,Y-H26,2026-05-27,SPEC ORD OK
PVC1X4-12,1X4-12' PVC TRIM,,PC,PC,19.97,,80,A,,S-B23,2026-05-28,
PVC1X4-16,1X4-16' PVC TRIM,,PC,PC,26.62,,80,A,,S-B30,2026-04-14,
BSE314-8,BASE MDF PRMD 3-1/4 8',,PC,PC,9.36,,80,A,,Y-E23,2026-08-11,MILL DIRECT
CSG214-7,CASING MDF PRMD 2-1/4 7',,PC,PC,8.32,,80,A,,S-D30,2026-06-13,MILL DIRECT
FCL8-12,FC LAP SIDING 8IN 12',,PC,PC,19.76,,80,A,,W-C1,2026-05-10,
ADH-HD295,CONST ADH HD 295ML,,TB,TB,5.72,,90,A,,S-E27,2026-02-07,CHK W/ BUYER
ADH-SF828,ADH SUBFLOOR 828ML,,TB,TB,8.32,,90,A,,Y-E13,2026-07-15,
SIL-CLR300,SILICONE CLR 300ML,,TB,TB,8.84,,90,A,,Y-D15,2026-07-04,CHK W/ BUYER
CLK-AL-WH,CAULK ACRYL LTX WHT 300ML,,TB,TB,4.16,,90,A,,Y-H13,2026-06-15,MILL DIRECT
WG500,WOOD GLUE 500ML,,EA,EA,6.24,,90,A,,W-A14,2026-09-13,CHK W/ BUYER
STN-EXT19,STAIN/SEALER EXT 18.9L,,PL,PL,124.80,,90,A,,W-A14,2026-04-28,MILL DIRECT
SHIM-C42,SHIMS CEDAR 42/BDL,,BDL,BDL,4.68,,90,A,,W-B4,2026-04-22,
BLD714-24,BLADE 7-1/4 24T FRMG,,EA,EA,12.48,,90,A,,S-B8,2026-08-18,SPEC ORD OK
CHK-BL227,CHALK BLUE 227G,,EA,EA,5.20,,90,A,,S-H13,2026-03-14,
STK24-12,STAKES WOOD 24IN BDL/12,,BDL,BDL,11.44,,90,A,,S-F12,2026-08-16,SPEC ORD OK
CDR-SHK18,CEDAR SHAKE #1 18IN,HANDSPLIT,BDL,BDL,89.00,,60,A,,Y-G20,2026-06-09,
PLY34MAR,3/4 MARINE FIR PLY 4X8,,SHT,SHT,149.00,,20,A,,S-H19,2026-06-23,
PTG2X6-20,2X6-20' PT GC #2 BRN,,PC,MBF,1320.00,20.000,10,A,,W-D28,2026-07-26,
LVL134-912-16,LVL 1-3/4X9-1/2 16',2.0E,PC,LF,11.40,,10,A,,S-G3,2026-07-24,NO BACKORDER
