order_id,line_id,raw_text,labeled_sku,labeled_product,qty,unit,shouldReview,reason,alt1_sku,alt1_product,alt2_sku,alt2_product,blind_sku,blind_product,blind_qty,blind_unit,blind_shouldReview,blind_reason,blind_disagrees_on
o01,o01-1,12 - 2x4x8 SPF,LBR-2X4-08-SPF,2x4 x 8' SPF #2 Kiln-Dried Framing Lumber,12,each,false,"Size, type and quantity are stated explicitly; unambiguous match.",LBR-2X4-08-PT,2x4 x 8' Pressure-Treated #2 Ground Contact Lumber,LBR-2X8-08-SPF,2x8 x 8' SPF #2 Kiln-Dried Framing Lumber,LBR-2X4-08-SPF,2x4 x 8' SPF #2 Kiln-Dried Framing Lumber,12,each,false,Clear match.,
o01,o01-2,8 - 2x6x10 SPF,LBR-2X6-10-SPF,2x6 x 10' SPF #2 Kiln-Dried Framing Lumber,8,each,false,"Size, type and quantity are stated explicitly; unambiguous match.",LBR-2X6-10-PT,2x6 x 10' Pressure-Treated #2 Ground Contact Lumber,LBR-2X4-10-SPF,2x4 x 10' SPF #2 Kiln-Dried Framing Lumber,LBR-2X6-10-SPF,2x6 x 10' SPF #2 Kiln-Dried Framing Lumber,8,each,false,Clear match.,
o01,o01-3,10 - 2x4x12 SPF,LBR-2X4-12-SPF,2x4 x 12' SPF #2 Kiln-Dried Framing Lumber,10,each,false,"Size, type and quantity are stated explicitly; unambiguous match.",LBR-2X4-12-PT,2x4 x 12' Pressure-Treated #2 Ground Contact Lumber,LBR-2X6-12-SPF,2x6 x 12' SPF #2 Kiln-Dried Framing Lumber,LBR-2X4-12-SPF,2x4 x 12' SPF #2 Kiln-Dried Framing Lumber,10,each,false,Clear match.,
o01,o01-4,20 sheets 7/16 OSB,SHT-OSB-716,"7/16"" OSB Sheathing 4x8",20,sheet,false,"Size, type and quantity are stated explicitly; unambiguous match.",FST-DRY-158-1LB,"#6 x 1-5/8"" Coarse-Thread Drywall Screws, 1 lb Box",FST-DECK-3-TAN-1LB,"#10 x 3"" Exterior Deck Screws, Tan, 1 lb Box",SHT-OSB-716,"7/16"" OSB Sheathing 4x8",20,sheet,false,7/16 OSB sheets.,
o01,o01-5,1 box 16d common nails 5lb,FST-16D-COM-5LB,"16d 3-1/2"" Common Nails, Bright, 5 lb Box",1,box,false,"Size, type and quantity are stated explicitly; unambiguous match.",FST-FRM-3-PAPER-5LB,"3"" 30° Paper-Collated Framing Nails, 5 lb Box",FST-FRM-3-PAPER-50LB,"3"" 30° Paper-Collated Framing Nails, 50 lb Box",FST-16D-COM-5LB,"16d 3-1/2"" Common Nails, Bright, 5 lb Box",1,box,false,Clear match.,
o02,o02-1,30 sheets 1/2 regular drywall 4x8,DRY-12-REG-4X8,"1/2"" Regular Drywall 4x8",30,sheet,false,"Size, type and quantity are stated explicitly; unambiguous match.",DRY-12-REG-4X10,"1/2"" Regular Drywall 4x10",DRY-12-REG-4X12,"1/2"" Regular Drywall 4x12",DRY-12-REG-4X8,"1/2"" Regular Drywall 4x8",30,sheet,false,Clear match.,
o02,o02-2,10 sheets 5/8 type X drywall 4x12,DRY-58-X-4X12,"5/8"" Type X Fire-Rated Drywall 4x12",10,sheet,false,"Size, type and quantity are stated explicitly; unambiguous match.",DRY-58-MR-4X12,"5/8"" Moisture-Resistant Type X Drywall 4x12",FST-DRY-158-1LB,"#6 x 1-5/8"" Coarse-Thread Drywall Screws, 1 lb Box",DRY-58-X-4X12,"5/8"" Type X Fire-Rated Drywall 4x12",10,sheet,false,Clear match.,
o02,o02-3,2 buckets joint compound 4.5 gal,DRY-MUD-45,All-Purpose Joint Compound 17 L Pail,2,bucket,false,"Size, type and quantity are stated explicitly; unambiguous match.",,,,,DRY-MUD-45,All-Purpose Joint Compound 17 L Pail,2,bucket,false,4.5 gal joint compound bucket.,
o02,o02-4,3 rolls paper drywall tape,DRY-TAPE-250,Paper Drywall Joint Tape 250 ft Roll,3,roll,false,"Size, type and quantity are stated explicitly; unambiguous match.",DRY-12-REG-4X8,"1/2"" Regular Drywall 4x8",FST-DRY-158-1LB,"#6 x 1-5/8"" Coarse-Thread Drywall Screws, 1 lb Box",DRY-TAPE-250,Paper Drywall Joint Tape 250 ft Roll,3,roll,false,Paper tape rolls.,
o02,o02-5,2 boxes 5lb 1-5/8 drywall screws,FST-DRY-158-5LB,"#6 x 1-5/8"" Coarse-Thread Drywall Screws, 5 lb Box",2,box,true,Coarse vs fine thread not stated and no default settles it.,FST-DRY-158-1LB,"#6 x 1-5/8"" Coarse-Thread Drywall Screws, 1 lb Box",FST-DRY-158-25LB,"#6 x 1-5/8"" Coarse-Thread Drywall Screws, 25 lb Box",FST-DRY-158-5LB,"#6 x 1-5/8"" Coarse-Thread Drywall Screws, 5 lb Box",2,box,false,"Standard coarse 1-5/8 drywall screws, 5 lb.",shouldReview
o03,o03-1,40 bags 30 kg concrete mix,CON-30KG,Concrete Mix 30 kg Bag,40,bag,false,"Size, type and quantity are stated explicitly; unambiguous match.",CON-FAST-20KG,Fast-Setting Concrete Mix 20 kg Bag,MAS-CMU-8,8x8x16 Concrete Block,CON-30KG,Concrete Mix 30 kg Bag,40,bag,false,Clear match.,
o03,o03-2,10 pcs 15M rebar 3m,CON-REBAR-15M-3M,"15M (approx. 1/2"") x 3 m Rebar",10,each,false,"Size, type and quantity are stated explicitly; unambiguous match.",CON-REBAR-15M-6M,"15M (approx. 1/2"") x 6 m Rebar",CON-REBAR-10M-3M,"10M (approx. 3/8"") x 3 m Rebar",CON-REBAR-15M-3M,"15M (approx. 1/2"") x 3 m Rebar",10,each,false,15M 3 m pieces.,
o03,o03-3,2 sheets 6x6 welded wire mesh,CON-MESH-5X10,6x6 W1.4 Welded Wire Mesh 5x10 Sheet,2,sheet,false,"Size, type and quantity are stated explicitly; unambiguous match.",,,,,CON-MESH-5X10,6x6 W1.4 Welded Wire Mesh 5x10 Sheet,2,sheet,false,6x6 mesh sheets.,
o03,o03-4,4 12 in tube forms,CON-FORM-SONO-12,"12"" x 4' Concrete Tube Form",4,each,false,"Size, type and quantity are stated explicitly; unambiguous match.",CON-FORM-SONO-8,"8"" x 4' Concrete Tube Form",DRY-MUD-45,All-Purpose Joint Compound 17 L Pail,CON-FORM-SONO-12,"12"" x 4' Concrete Tube Form",4,each,false,12 in tube forms.,
o04,o04-1,24 bundles architectural shingles onyx black,ROF-SHG-ARCH-BLK,"Architectural Asphalt Shingles, Onyx Black, 32.8 sq ft Bundle",24,bundle,false,"Size, type and quantity are stated explicitly; unambiguous match.",ROF-SHG-ARCH-BRN,"Architectural Asphalt Shingles, Weathered Wood, 32.8 sq ft Bundle",ROF-SHG-3TAB-GRY,"3-Tab Asphalt Shingles, Charcoal, 33.3 sq ft Bundle",ROF-SHG-ARCH-BLK,"Architectural Asphalt Shingles, Onyx Black, 32.8 sq ft Bundle",24,bundle,false,Architectural onyx black.,
o04,o04-2,3 rolls synthetic underlayment,ROF-UNDER-SYN,Synthetic Roofing Underlayment 1000 sq ft Roll,3,roll,false,"Size, type and quantity are stated explicitly; unambiguous match.",ROF-UNDER-15,#15 Felt Roofing Underlayment 432 sq ft Roll,ROF-UNDER-30,#30 Felt Roofing Underlayment 216 sq ft Roll,ROF-UNDER-SYN,Synthetic Roofing Underlayment 1000 sq ft Roll,3,roll,false,Synthetic underlayment.,
o04,o04-3,10 white drip edge 10ft,ROF-DRIP-10,Aluminum Drip Edge 10' White,10,each,false,"Size, type and quantity are stated explicitly; unambiguous match.",ROF-DRIP-10-BRN,Aluminum Drip Edge 10' Brown,DRY-58-X-4X10,"5/8"" Type X Fire-Rated Drywall 4x10",ROF-DRIP-10,Aluminum Drip Edge 10' White,10,each,false,White drip edge 10 ft.,
o04,o04-4,2 rolls ice and water shield 36in,ROF-ICE-36,"Self-Adhering Ice & Water Shield 36"" x 66' Roll",2,roll,false,"Size, type and quantity are stated explicitly; unambiguous match.",,,,,ROF-ICE-36,"Self-Adhering Ice & Water Shield 36"" x 66' Roll",2,roll,false,Ice and water 36 in.,
o05,o05-1,2x4x8 PT x 15,LBR-2X4-08-PT,2x4 x 8' Pressure-Treated #2 Ground Contact Lumber,15,each,false,"Size, type and quantity are stated explicitly; unambiguous match.",LBR-4X4-8-PT,4x4 x 8' Pressure-Treated Post,LBR-2X8-08-PT,2x8 x 8' Pressure-Treated #2 Ground Contact Lumber,LBR-2X4-08-PT,2x4 x 8' Pressure-Treated #2 Ground Contact Lumber,15,each,false,Clear match.,
o05,o05-2,2x6x12 PT x 10,LBR-2X6-12-PT,2x6 x 12' Pressure-Treated #2 Ground Contact Lumber,10,each,false,"Size, type and quantity are stated explicitly; unambiguous match.",LBR-2X12-10-PT,2x12 x 10' Pressure-Treated #2 Ground Contact Lumber,LBR-2X12-10-SPF,2x12 x 10' SPF #2 Kiln-Dried Framing Lumber,LBR-2X6-12-PT,2x6 x 12' Pressure-Treated #2 Ground Contact Lumber,10,each,false,Clear match.,
o05,o05-3,4x4x10 PT x 6,LBR-4X4-10-PT,4x4 x 10' Pressure-Treated Post,6,each,false,"Size, type and quantity are stated explicitly; unambiguous match.",LBR-2X4-10-PT,2x4 x 10' Pressure-Treated #2 Ground Contact Lumber,LBR-2X4-12-PT,2x4 x 12' Pressure-Treated #2 Ground Contact Lumber,LBR-4X4-10-PT,4x4 x 10' Pressure-Treated Post,6,each,false,Clear match.,
o05,o05-4,3in deck screws 5lb tan x2,FST-DECK-3-TAN-5LB,"#10 x 3"" Exterior Deck Screws, Tan, 5 lb Box",2,box,false,"Size, type and quantity are stated explicitly; unambiguous match.",FST-DECK-3-TAN-25LB,"#10 x 3"" Exterior Deck Screws, Tan, 25 lb Box",FST-DECK-3-TAN-1LB,"#10 x 3"" Exterior Deck Screws, Tan, 1 lb Box",FST-DECK-3-TAN-5LB,"#10 x 3"" Exterior Deck Screws, Tan, 5 lb Box",2,box,false,3 in tan 5 lb box x2.,
o05,o05-5,5/4 decking 16ft x 40,DCK-54-16-PT,5/4 x 6 x 16' Pressure-Treated Deck Board,40,each,false,Length is given and 5/4 decking matches only one catalog product.,DCK-54-8-PT,5/4 x 6 x 8' Pressure-Treated Deck Board,DCK-54-12-PT,5/4 x 6 x 12' Pressure-Treated Deck Board,DCK-54-16-PT,5/4 x 6 x 16' Pressure-Treated Deck Board,40,each,false,5/4 decking in deck order; PT 16 ft.,
o06,o06-1,5/8 type X 4x8 x 20,DRY-58-X-4X8,"5/8"" Type X Fire-Rated Drywall 4x8",20,sheet,false,"Size, type and quantity are stated explicitly; unambiguous match.",DRY-58-X-4X10,"5/8"" Type X Fire-Rated Drywall 4x10",DRY-58-X-4X12,"5/8"" Type X Fire-Rated Drywall 4x12",DRY-58-X-4X8,"5/8"" Type X Fire-Rated Drywall 4x8",20,sheet,false,Clear match.,
o06,o06-2,5/8 rock reg 4x8 x 10,DRY-58-REG-4X8,"5/8"" Regular Drywall 4x8",10,sheet,false,"Size, type and quantity are stated explicitly; unambiguous match.",DRY-14-FLEX-4X10,"1/4"" Flexible Drywall 4x10",DRY-58-X-4X10,"5/8"" Type X Fire-Rated Drywall 4x10",DRY-58-REG-4X8,"5/8"" Regular Drywall 4x8",10,sheet,false,Clear match.,
o06,o06-3,greenboard 1/2 4x8 x 6,DRY-12-MR-4X8,"1/2"" Moisture-Resistant Drywall (Green Board) 4x8",6,sheet,false,"Size, type and quantity are stated explicitly; unambiguous match.",DRY-12-MR-4X12,"1/2"" Moisture-Resistant Drywall (Green Board) 4x12",DRY-12-MR-4X10,"1/2"" Moisture-Resistant Drywall (Green Board) 4x10",DRY-12-MR-4X8,"1/2"" Moisture-Resistant Drywall (Green Board) 4x8",6,sheet,false,Greenboard 1/2 4x8.,
o06,o06-4,mud 3 buckets,DRY-MUD-45,All-Purpose Joint Compound 17 L Pail,3,bucket,false,"Size, type and quantity are stated explicitly; unambiguous match.",FST-DRY-158-FINE-1LB,"#6 x 1-5/8"" Fine-Thread Drywall Screws (Steel Stud), 1 lb Box",FST-DRY-158-FINE-5LB,"#6 x 1-5/8"" Fine-Thread Drywall Screws (Steel Stud), 5 lb Box",DRY-MUD-45,All-Purpose Joint Compound 17 L Pail,3,bucket,false,Mud buckets.,
o06,o06-5,mesh tape x2,DRY-TAPE-MESH,Self-Adhesive Mesh Drywall Tape 300 ft Roll,2,roll,false,"Size, type and quantity are stated explicitly; unambiguous match.",DRY-58-X-4X8,"5/8"" Type X Fire-Rated Drywall 4x8",DRY-58-X-4X10,"5/8"" Type X Fire-Rated Drywall 4x10",DRY-TAPE-MESH,Self-Adhesive Mesh Drywall Tape 300 ft Roll,2,roll,false,Mesh tape rolls.,
o07,o07-1,2x6 hangers box x2,HDW-JH-2X6-BOX,"Face-Mount Joist Hanger for 2x6, Box of 25",2,box,false,"Size, type and quantity are stated explicitly; unambiguous match.",HDW-JH-2X6,Face-Mount Joist Hanger for 2x6,HDW-JH-2X4,Face-Mount Joist Hanger for 2x4,HDW-JH-2X6-BOX,"Face-Mount Joist Hanger for 2x6, Box of 25",2,box,false,Boxes of 2x6 hangers.,
o07,o07-2,hurricane ties 50,HDW-HT-H2-5,H2.5A Hurricane Tie,50,each,false,"Size, type and quantity are stated explicitly; unambiguous match.",FST-FRM-3-PAPER-50LB,"3"" 30° Paper-Collated Framing Nails, 50 lb Box",DRY-TAPE-MESH,Self-Adhesive Mesh Drywall Tape 300 ft Roll,HDW-HT-H2-5,H2.5A Hurricane Tie,50,each,false,Hurricane ties.,
o07,o07-3,16d sinkers 50lb,FST-16D-SINK-50LB,"16d 3-1/4"" Sinker Nails, Vinyl-Coated, 50 lb Box",1,box,false,"Size, type and quantity are stated explicitly; unambiguous match.",FST-16D-SINK-5LB,"16d 3-1/4"" Sinker Nails, Vinyl-Coated, 5 lb Box",FST-DRY-158-5LB,"#6 x 1-5/8"" Coarse-Thread Drywall Screws, 5 lb Box",FST-16D-SINK-50LB,"16d 3-1/4"" Sinker Nails, Vinyl-Coated, 50 lb Box",1,box,false,50 lb sinkers = one 50 lb box.,
o07,o07-4,2x10x16 spf x 12,LBR-2X10-16-SPF,2x10 x 16' SPF #2 Kiln-Dried Framing Lumber,12,each,false,"Size, type and quantity are stated explicitly; unambiguous match.",LBR-2X10-16-PT,2x10 x 16' Pressure-Treated #2 Ground Contact Lumber,LBR-2X10-12-SPF,2x10 x 12' SPF #2 Kiln-Dried Framing Lumber,LBR-2X10-16-SPF,2x10 x 16' SPF #2 Kiln-Dried Framing Lumber,12,each,false,Clear match.,
o07,o07-5,2x10 hangers 30,HDW-JH-2X10,Face-Mount Joist Hanger for 2x10,30,each,false,"Size, type and quantity are stated explicitly; unambiguous match.",HDW-JH-2X6,Face-Mount Joist Hanger for 2x6,HDW-JH-2X6-BOX,"Face-Mount Joist Hanger for 2x6, Box of 25",HDW-JH-2X10,Face-Mount Joist Hanger for 2x10,30,each,false,Clear match.,
o08,o08-1,1/2 cdx 12 sheets,SHT-PLY-CDX-12,"1/2"" CDX Plywood 4x8",12,sheet,false,"Size, type and quantity are stated explicitly; unambiguous match.",LBR-2X12-12-PT,2x12 x 12' Pressure-Treated #2 Ground Contact Lumber,LBR-2X4-12-PT,2x4 x 12' Pressure-Treated #2 Ground Contact Lumber,SHT-PLY-CDX-12,"1/2"" CDX Plywood 4x8",12,sheet,false,Clear match.,
o08,o08-2,3/4 tg osb 30,SHT-OSB-2332,"23/32"" Tongue & Groove OSB Subfloor 4x8",30,sheet,false,"Size, type and quantity are stated explicitly; unambiguous match.",SHT-OSB-716,"7/16"" OSB Sheathing 4x8",SHT-OSB-12,"1/2"" OSB Sheathing 4x8",SHT-OSB-2332,"23/32"" Tongue & Groove OSB Subfloor 4x8",30,sheet,false,3/4 T&G OSB maps to 23/32 T&G subfloor.,
o08,o08-3,3/4 pt ply x 4,SHT-PLY-PT-34,"3/4"" Pressure-Treated Plywood 4x8",4,sheet,false,"Size, type and quantity are stated explicitly; unambiguous match.",DRY-58-X-4X8,"5/8"" Type X Fire-Rated Drywall 4x8",DRY-58-X-4X10,"5/8"" Type X Fire-Rated Drywall 4x10",SHT-PLY-PT-34,"3/4"" Pressure-Treated Plywood 4x8",4,sheet,false,3/4 PT ply.,
o08,o08-4,liquid nails x 12,SUP-ADH-CONST-10,Heavy-Duty Construction Adhesive 295 mL Tube,12,each,false,"Size, type and quantity are stated explicitly; unambiguous match.",FST-FRM-3-PAPER-5LB,"3"" 30° Paper-Collated Framing Nails, 5 lb Box",FST-FRM-3-PAPER-50LB,"3"" 30° Paper-Collated Framing Nails, 50 lb Box",SUP-ADH-CONST-10,Heavy-Duty Construction Adhesive 295 mL Tube,12,each,false,Liquid nails alias.,
o08,o08-5,subfloor glue 12,SUP-ADH-SUBFL-28,Subfloor Construction Adhesive 828 mL Tube,12,each,false,"Size, type and quantity are stated explicitly; unambiguous match.",SHT-OSB-2332,"23/32"" Tongue & Groove OSB Subfloor 4x8",SUP-GLUE-WOOD-16,Wood Glue 500 mL,SUP-ADH-SUBFL-28,Subfloor Construction Adhesive 828 mL Tube,12,each,false,Subfloor glue.,
o09,o09-1,r20 15in x 8 bags,INS-R20-15,"R-20 Kraft-Faced Batt 5.5"" x 15"" x 93"" (Bag)",8,bag,false,"Size, type and quantity are stated explicitly; unambiguous match.",CON-FAST-20KG,Fast-Setting Concrete Mix 20 kg Bag,MAS-MORT-S-30KG,Type S Mortar Mix 30 kg Bag,INS-R20-15,"R-20 Kraft-Faced Batt 5.5"" x 15"" x 93"" (Bag)",8,bag,false,Clear match.,
o09,o09-2,r12 23in x 4,INS-R12-23,"R-12 Kraft-Faced Batt 3.5"" x 23"" x 93"" (Bag)",4,bag,false,"Size, type and quantity are stated explicitly; unambiguous match.",INS-R20-23,"R-20 Kraft-Faced Batt 5.5"" x 23"" x 93"" (Bag)",CON-FORM-SONO-12,"12"" x 4' Concrete Tube Form",INS-R12-23,"R-12 Kraft-Faced Batt 3.5"" x 23"" x 93"" (Bag)",4,bag,false,Clear match.,
o09,o09-3,tyvek 9ft x 2,WTH-WRAP-9,House Wrap 9' x 100' Roll,2,roll,false,"Size, type and quantity are stated explicitly; unambiguous match.",DRY-58-X-4X8,"5/8"" Type X Fire-Rated Drywall 4x8",DRY-58-X-4X10,"5/8"" Type X Fire-Rated Drywall 4x10",WTH-WRAP-9,House Wrap 9' x 100' Roll,2,roll,false,Tyvek 9 ft.,
o09,o09-4,flashing tape 6in x 3,WTH-FLASH-6,"Self-Adhering Flashing Tape 6"" x 75' Roll",3,roll,false,"Size, type and quantity are stated explicitly; unambiguous match.",WTH-FLASH-4,"Self-Adhering Flashing Tape 4"" x 75' Roll",FST-FRM-3-PAPER-5LB,"3"" 30° Paper-Collated Framing Nails, 5 lb Box",WTH-FLASH-6,"Self-Adhering Flashing Tape 6"" x 75' Roll",3,roll,false,Flashing tape 6 in.,
o09,o09-5,cap nails 2 boxes,WTH-CAP-1,"Cap Nails 1"" Plastic Cap, 1000 ct",2,box,false,"Size, type and quantity are stated explicitly; unambiguous match.",FST-FRM-3-PAPER-5LB,"3"" 30° Paper-Collated Framing Nails, 5 lb Box",FST-FRM-3-PAPER-50LB,"3"" 30° Paper-Collated Framing Nails, 50 lb Box",WTH-CAP-1,"Cap Nails 1"" Plastic Cap, 1000 ct",2,box,false,Cap nails boxes.,
o09,o09-6,6 mil poly x1,WTH-POLY-6,6 mil Clear Poly Sheeting 10' x 100',1,roll,false,"Size, type and quantity are stated explicitly; unambiguous match.",FST-ATROD-58-10,"5/8"" x 10"" J-Bolt Anchor Bolt",,,WTH-POLY-6,6 mil Clear Poly Sheeting 10' x 100',1,roll,false,6 mil poly.,
o10,o10-1,6x6x10 pt post x 8,LBR-6X6-10-PT,6x6 x 10' Pressure-Treated Timber,8,each,false,"Size, type and quantity are stated explicitly; unambiguous match.",LBR-2X6-10-PT,2x6 x 10' Pressure-Treated #2 Ground Contact Lumber,LBR-2X4-10-PT,2x4 x 10' Pressure-Treated #2 Ground Contact Lumber,LBR-6X6-10-PT,6x6 x 10' Pressure-Treated Timber,8,each,false,Clear match.,
o10,o10-2,4x4x8 treated x 10,LBR-4X4-8-PT,4x4 x 8' Pressure-Treated Post,10,each,false,"Size, type and quantity are stated explicitly; unambiguous match.",LBR-2X4-08-PT,2x4 x 8' Pressure-Treated #2 Ground Contact Lumber,LBR-2X6-08-PT,2x6 x 8' Pressure-Treated #2 Ground Contact Lumber,LBR-4X4-8-PT,4x4 x 8' Pressure-Treated Post,10,each,false,Clear match.,
o10,o10-3,sonotube 12 x 8,CON-FORM-SONO-12,"12"" x 4' Concrete Tube Form",8,each,false,"Size, type and quantity are stated explicitly; unambiguous match.",CON-FORM-SONO-8,"8"" x 4' Concrete Tube Form",DRY-58-X-4X8,"5/8"" Type X Fire-Rated Drywall 4x8",CON-FORM-SONO-12,"12"" x 4' Concrete Tube Form",8,each,false,Sonotube 12.,
o10,o10-4,30kg concrete x 30,CON-30KG,Concrete Mix 30 kg Bag,30,bag,false,"Size, type and quantity are stated explicitly; unambiguous match.",CON-FAST-20KG,Fast-Setting Concrete Mix 20 kg Bag,FST-TAPCON-14-100,"1/4"" x 3-1/4"" Concrete Screws, 100 ct",CON-30KG,Concrete Mix 30 kg Bag,30,bag,false,Clear match.,
o10,o10-5,anchor bolts 1/2 x 8 x 20,FST-ATROD-12-8,"1/2"" x 8"" J-Bolt Anchor Bolt",20,each,false,"Size, type and quantity are stated explicitly; unambiguous match.",FST-ATROD-58-10,"5/8"" x 10"" J-Bolt Anchor Bolt",FST-ATROD-12-6,"1/2"" x 6"" J-Bolt Anchor Bolt",FST-ATROD-12-8,"1/2"" x 8"" J-Bolt Anchor Bolt",20,each,false,1/2 x 8 anchor bolts.,
o10,o10-6,wedge anchors 1/2 x 1 box,FST-ANCH-12-50,"1/2"" x 6"" Wedge Anchors, 50 ct",1,box,false,"Size, type and quantity are stated explicitly; unambiguous match.",FST-ATROD-12-6,"1/2"" x 6"" J-Bolt Anchor Bolt",FST-ATROD-12-8,"1/2"" x 8"" J-Bolt Anchor Bolt",FST-ANCH-12-50,"1/2"" x 6"" Wedge Anchors, 50 ct",1,box,false,"1/2 wedge anchors, one box.",
o11,o11-1,20 of the 2x6 (8ft),LBR-2X6-08-SPF,2x6 x 8' SPF #2 Kiln-Dried Framing Lumber,20,each,false,"Size, type and quantity are stated explicitly; unambiguous match.",DRY-58-X-4X8,"5/8"" Type X Fire-Rated Drywall 4x8",DCK-COMP-8,"1 x 6 x 8' Composite Deck Board, Gray",LBR-2X6-08-SPF,2x6 x 8' SPF #2 Kiln-Dried Framing Lumber,20,each,true,Species/treatment not stated (SPF vs PT); assumed SPF.,shouldReview
o11,o11-2,15 of the 2x4,,,15,each,true,Length missing (2x4 comes in 8/10/12/16 ft and precut); product cannot be determined.,DRY-58-X-4X8,"5/8"" Type X Fire-Rated Drywall 4x8",HDW-JH-2X6-BOX,"Face-Mount Joist Hanger for 2x6, Box of 25",,,15,each,true,2x4 length and treatment not specified.,
o11,o11-3,2 of the 4x4 posts,,,2,each,true,"Species and length missing (SPF or PT, 8/10/12 ft); product cannot be determined.",LBR-4X4-8-PT,4x4 x 8' Pressure-Treated Post,LBR-4X4-10-PT,4x4 x 10' Pressure-Treated Post,,,2,each,true,4x4 length and SPF/PT not specified.,
o12,o12-1,a bundle of shingles,,,1,bundle,true,Shingle style and color not stated; product cannot be determined.,ROF-SHG-3TAB-GRY,"3-Tab Asphalt Shingles, Charcoal, 33.3 sq ft Bundle",ROF-SHG-ARCH-BLK,"Architectural Asphalt Shingles, Onyx Black, 32.8 sq ft Bundle",ROF-SHG-3TAB-GRY,"3-Tab Asphalt Shingles, Charcoal, 33.3 sq ft Bundle",1,bundle,true,Shingle type/colour not specified (3-tab vs architectural).,sku
o12,o12-2,2 rolls felt,,,2,roll,true,"Felt weight not stated (#15, #30, synthetic); product cannot be determined.",FST-DRY-158-1LB,"#6 x 1-5/8"" Coarse-Thread Drywall Screws, 1 lb Box",FST-DRY-158-5LB,"#6 x 1-5/8"" Coarse-Thread Drywall Screws, 5 lb Box",ROF-UNDER-15,#15 Felt Roofing Underlayment 432 sq ft Roll,2,roll,true,Felt weight (#15 vs #30) not specified.,sku
o12,o12-3,a box of screws,,,1,box,true,"No screw type, size or box size given; cannot be matched.",FST-DRY-158-1LB,"#6 x 1-5/8"" Coarse-Thread Drywall Screws, 1 lb Box",FST-DRY-158-5LB,"#6 x 1-5/8"" Coarse-Thread Drywall Screws, 5 lb Box",,,1,box,true,Screw type/size/length unspecified.,
o12,o12-4,half a pallet of block,MAS-CMU-8,8x8x16 Concrete Block,,,true,"Quantity is a fraction of a pallet, not a count; block size assumed 8x8x16.",ROF-SHG-ARCH-BLK,"Architectural Asphalt Shingles, Onyx Black, 32.8 sq ft Bundle",,,MAS-CMU-8,8x8x16 Concrete Block,,each,true,"Half pallet: block per pallet unknown, block type unspecified.",
o13,o13-1,50 studs,LBR-2X4-PRECUT-SPF,"2x4 x 92-5/8"" Precut SPF #2 Kiln-Dried Stud",50,each,false,"Size, type and quantity are stated explicitly; unambiguous match.",FST-DRY-158-FINE-1LB,"#6 x 1-5/8"" Fine-Thread Drywall Screws (Steel Stud), 1 lb Box",FST-DRY-158-FINE-5LB,"#6 x 1-5/8"" Fine-Thread Drywall Screws (Steel Stud), 5 lb Box",LBR-2X4-PRECUT-SPF,"2x4 x 92-5/8"" Precut SPF #2 Kiln-Dried Stud",50,each,false,Studs default to 2x4 precut.,
o13,o13-2,3 sheets of 1/2 plywood,SHT-PLY-CDX-12,"1/2"" CDX Plywood 4x8",3,sheet,false,"Size, type and quantity are stated explicitly; unambiguous match.",SHT-PLY-PT-34,"3/4"" Pressure-Treated Plywood 4x8",SHT-PLY-BIRCH-34,"3/4"" Birch Sanded Plywood 4x8",SHT-PLY-CDX-12,"1/2"" CDX Plywood 4x8",3,sheet,false,1/2 plywood maps to 1/2 CDX.,
o13,o13-3,6 buckets of mud,DRY-MUD-45,All-Purpose Joint Compound 17 L Pail,6,bucket,false,"Size, type and quantity are stated explicitly; unambiguous match.",SUP-ADH-CONST-10,Heavy-Duty Construction Adhesive 295 mL Tube,SUP-ADH-SUBFL-28,Subfloor Construction Adhesive 828 mL Tube,DRY-MUD-45,All-Purpose Joint Compound 17 L Pail,6,bucket,false,Mud buckets.,
o13,o13-4,100 feet of tape,,,,,true,"Tape type not stated and the quantity is in feet, which the catalog does not sell; cannot be determined.",ROF-UNDER-15,#15 Felt Roofing Underlayment 432 sq ft Roll,DRY-TAPE-250,Paper Drywall Joint Tape 250 ft Roll,DRY-TAPE-250,Paper Drywall Joint Tape 250 ft Roll,1,roll,true,Paper vs mesh tape unspecified; 100 ft is less than one roll.,sku; qty
o14,o14-1,10 lbs of 16d nails,,,,,true,Common vs sinker and box size not stated; pounds do not map to one box size; cannot be determined.,FST-ROOF-118-5LB,"1-1/8"" Electro-Galvanized Roofing Nails, 5 lb Box",FST-ROOF-114-1LB,"1-1/4"" Electro-Galvanized Roofing Nails, 1 lb Box",FST-16D-COM-5LB,"16d 3-1/2"" Common Nails, Bright, 5 lb Box",2,box,true,Common vs sinker unspecified; 10 lb = 2 x 5 lb boxes if common.,sku; qty
o14,o14-2,4 tubes of caulk,,,4,each,true,Silicone vs latex not stated; product cannot be determined.,SUP-CAULK-LAT-WHT,"Paintable Acrylic Latex Caulk 300 mL, White",SUP-LINE-CHALK-BL,Blue Chalk Refill 227 g,SUP-CAULK-LAT-WHT,"Paintable Acrylic Latex Caulk 300 mL, White",4,each,true,Caulk type (latex vs silicone) unspecified.,sku
o14,o14-3,2 bags cement,,,2,bag,true,"'Cement' could mean Portland cement or concrete mix; no default, so the product cannot be determined.",MAS-CEM-GU-30KG,Portland Cement Type GU 30 kg Bag,TRM-LAP-8,"8"" x 12' Fiber-Cement Lap Siding, Primed",MAS-CEM-GU-30KG,Portland Cement Type GU 30 kg Bag,2,bag,false,Cement alias to GU 30 kg.,sku; shouldReview
o14,o14-4,30 m of 15M rebar,,,,,true,Piece length not stated (3 m vs 6 m) and quantity is in metres; cannot be determined.,CON-REBAR-15M-3M,"15M (approx. 1/2"") x 3 m Rebar",CON-REBAR-10M-3M,"10M (approx. 3/8"") x 3 m Rebar",CON-REBAR-15M-3M,"15M (approx. 1/2"") x 3 m Rebar",10,each,true,30 m could be 10x3 m or 5x6 m; unit is metres not pieces.,sku; qty
o15,o15-1,30 2x4x8,LBR-2X4-08-SPF,2x4 x 8' SPF #2 Kiln-Dried Framing Lumber,30,each,false,"Size, type and quantity are stated explicitly; unambiguous match.",LBR-2X4-08-PT,2x4 x 8' Pressure-Treated #2 Ground Contact Lumber,LBR-4X4-8-SPF,4x4 x 8' SPF Post,LBR-2X4-08-SPF,2x4 x 8' SPF #2 Kiln-Dried Framing Lumber,30,each,false,"Order says regular SPF, not treated.",
o15,o15-2,12 2x6x8,LBR-2X6-08-SPF,2x6 x 8' SPF #2 Kiln-Dried Framing Lumber,12,each,false,"Size, type and quantity are stated explicitly; unambiguous match.",LBR-2X6-08-PT,2x6 x 8' Pressure-Treated #2 Ground Contact Lumber,LBR-1X6-8-PINE,1x6 x 8' Common Pine Board,LBR-2X6-08-SPF,2x6 x 8' SPF #2 Kiln-Dried Framing Lumber,12,each,false,"Order says regular SPF, not treated.",
o15,o15-3,4 sheets of 3/4 ply cdx,SHT-PLY-CDX-34,"3/4"" CDX Plywood 4x8",4,sheet,false,"Size, type and quantity are stated explicitly; unambiguous match.",,,,,SHT-PLY-CDX-34,"3/4"" CDX Plywood 4x8",4,sheet,false,3/4 CDX.,
o16,o16-1,Same as last time but double the drywall and skip the mud,,,,,true,References a prior order that is not in the data; unresolvable.,DRY-TAPE-MESH,Self-Adhesive Mesh Drywall Tape 300 ft Roll,DRY-TAPE-250,Paper Drywall Joint Tape 250 ft Roll,,,,,true,Refers to a prior order not provided; unresolvable.,
o17,o17-1,"pressure treated 2x8x12 for the joists, need 14",LBR-2X8-12-PT,2x8 x 12' Pressure-Treated #2 Ground Contact Lumber,14,each,false,"Size, type and quantity are stated explicitly; unambiguous match.",SHT-PLY-PT-34,"3/4"" Pressure-Treated Plywood 4x8",LBR-4X4-8-PT,4x4 x 8' Pressure-Treated Post,LBR-2X8-12-PT,2x8 x 12' Pressure-Treated #2 Ground Contact Lumber,14,each,false,Clear match.,
o17,o17-2,2 of the 2x10x12 PT,LBR-2X10-12-PT,2x10 x 12' Pressure-Treated #2 Ground Contact Lumber,2,each,false,"Size, type and quantity are stated explicitly; unambiguous match.",LBR-2X10-10-PT,2x10 x 10' Pressure-Treated #2 Ground Contact Lumber,LBR-2X10-16-PT,2x10 x 16' Pressure-Treated #2 Ground Contact Lumber,LBR-2X10-12-PT,2x10 x 12' Pressure-Treated #2 Ground Contact Lumber,2,each,false,Clear match.,
o17,o17-3,9 4x4x8 PT,LBR-4X4-8-PT,4x4 x 8' Pressure-Treated Post,9,each,false,"Size, type and quantity are stated explicitly; unambiguous match.",LBR-2X4-08-PT,2x4 x 8' Pressure-Treated #2 Ground Contact Lumber,LBR-2X6-08-PT,2x6 x 8' Pressure-Treated #2 Ground Contact Lumber,LBR-4X4-8-PT,4x4 x 8' Pressure-Treated Post,9,each,false,Clear match.,
o17,o17-4,Deck screws 3in tan one 25lb box,FST-DECK-3-TAN-25LB,"#10 x 3"" Exterior Deck Screws, Tan, 25 lb Box",1,box,false,"Size, type and quantity are stated explicitly; unambiguous match.",FST-DECK-3-TAN-5LB,"#10 x 3"" Exterior Deck Screws, Tan, 5 lb Box",FST-DECK-3-TAN-1LB,"#10 x 3"" Exterior Deck Screws, Tan, 1 lb Box",FST-DECK-3-TAN-25LB,"#10 x 3"" Exterior Deck Screws, Tan, 25 lb Box",1,box,false,3 in tan 25 lb box.,
o17,o17-5,"joist hangers for the 2x8s, 28 of em",HDW-JH-2X8,Face-Mount Joist Hanger for 2x8,28,each,false,"Size, type and quantity are stated explicitly; unambiguous match.",HDW-JH-2X6-BOX,"Face-Mount Joist Hanger for 2x6, Box of 25",HDW-JH-2X4,Face-Mount Joist Hanger for 2x4,HDW-JH-2X8,Face-Mount Joist Hanger for 2x8,28,each,false,Hangers for 2x8.,
o18,o18-1,18 bundles weathered wood shingles,ROF-SHG-ARCH-BRN,"Architectural Asphalt Shingles, Weathered Wood, 32.8 sq ft Bundle",18,bundle,false,"Size, type and quantity are stated explicitly; unambiguous match.",ROF-SHG-3TAB-GRY,"3-Tab Asphalt Shingles, Charcoal, 33.3 sq ft Bundle",SUP-SHIM-42,Cedar Wood Shims 42 ct Bundle,ROF-SHG-ARCH-BRN,"Architectural Asphalt Shingles, Weathered Wood, 32.8 sq ft Bundle",18,bundle,false,Weathered wood architectural.,
o18,o18-2,2 rolls of the 30# felt,ROF-UNDER-30,#30 Felt Roofing Underlayment 216 sq ft Roll,2,roll,false,"Size, type and quantity are stated explicitly; unambiguous match.",ROF-UNDER-SYN,Synthetic Roofing Underlayment 1000 sq ft Roll,DRY-TAPE-MESH,Self-Adhesive Mesh Drywall Tape 300 ft Roll,ROF-UNDER-30,#30 Felt Roofing Underlayment 216 sq ft Roll,2,roll,false,#30 felt.,
o18,o18-3,6 brown drip edge,ROF-DRIP-10-BRN,Aluminum Drip Edge 10' Brown,6,each,false,"Size, type and quantity are stated explicitly; unambiguous match.",ROF-DRIP-10,Aluminum Drip Edge 10' White,FST-DECK-25-BRN-1LB,"#10 x 2-1/2"" Exterior Deck Screws, Brown, 1 lb Box",ROF-DRIP-10-BRN,Aluminum Drip Edge 10' Brown,6,each,false,Brown drip edge.,
o18,o18-4,2 hip and ridge,ROF-SHG-RIDGE,"Hip & Ridge Cap Shingles, 20 lf Bundle",2,bundle,false,"Size, type and quantity are stated explicitly; unambiguous match.",ROF-DRIP-10,Aluminum Drip Edge 10' White,HDW-HT-H2-5,H2.5A Hurricane Tie,ROF-SHG-RIDGE,"Hip & Ridge Cap Shingles, 20 lf Bundle",2,bundle,false,Hip and ridge bundles.,
o18,o18-5,5 ridge vent,ROF-VENT-RIDGE,Ridge Vent 4' Section,5,each,false,"Size, type and quantity are stated explicitly; unambiguous match.",DRY-12-MR-4X8,"1/2"" Moisture-Resistant Drywall (Green Board) 4x8",ROF-SHG-RIDGE,"Hip & Ridge Cap Shingles, 20 lf Bundle",ROF-VENT-RIDGE,Ridge Vent 4' Section,5,each,false,Ridge vent.,
o18,o18-6,do you guys rent a dumpster,,,,,true,"A question, not an order line; dumpster is not in the catalog.",,,,,,,,,true,"Question about dumpster rental, not a catalog product.",
o19,o19-1,200 2x4x8 spf,LBR-2X4-08-SPF,2x4 x 8' SPF #2 Kiln-Dried Framing Lumber,200,each,true,Quantity is very large for one order; verify with the customer.,LBR-2X4-08-PT,2x4 x 8' Pressure-Treated #2 Ground Contact Lumber,LBR-2X8-08-SPF,2x8 x 8' SPF #2 Kiln-Dried Framing Lumber,LBR-2X4-08-SPF,2x4 x 8' SPF #2 Kiln-Dried Framing Lumber,200,each,false,Large but plausible for a yard order.,shouldReview
o19,o19-2,5000 sheets of 1/2 drywall,DRY-12-REG-4X8,"1/2"" Regular Drywall 4x8",5000,sheet,true,"Absurd quantity (about 5,000 sheets); likely a typo.",FST-DRY-214-1LB,"#6 x 2-1/4"" Coarse-Thread Drywall Screws, 1 lb Box",FST-DRY-214-5LB,"#6 x 2-1/4"" Coarse-Thread Drywall Screws, 5 lb Box",DRY-12-REG-4X8,"1/2"" Regular Drywall 4x8",5000,sheet,true,Absurd quantity; also length/type unspecified.,
o19,o19-3,3 bobcat rentals,,,3,,true,Equipment rental is not in the catalog.,FST-TAPCON-14-100,"1/4"" x 3-1/4"" Concrete Screws, 100 ct",WTH-CAP-1,"Cap Nails 1"" Plastic Cap, 1000 ct",,,3,each,true,Equipment rental not in catalog.,
o19,o19-4,1 tile saw,,,1,,true,Tool is not in the catalog.,ROF-ICE-36,"Self-Adhering Ice & Water Shield 36"" x 66' Roll",SUP-ADH-CONST-10,Heavy-Duty Construction Adhesive 295 mL Tube,,,1,each,true,Tile saw not in catalog.,
o20,o20-1,9000 pcs 2x6x10 SPF,LBR-2X6-10-SPF,2x6 x 10' SPF #2 Kiln-Dried Framing Lumber,9000,each,true,Absurd quantity; likely a typo.,LBR-2X6-10-PT,2x6 x 10' Pressure-Treated #2 Ground Contact Lumber,LBR-2X10-10-SPF,2x10 x 10' SPF #2 Kiln-Dried Framing Lumber,LBR-2X6-10-SPF,2x6 x 10' SPF #2 Kiln-Dried Framing Lumber,9000,each,true,"Absurd quantity, likely typo.",
o20,o20-2,cedar shakes 2 sq,,,2,sq,true,Cedar shakes are not in the catalog.,SUP-SHIM-42,Cedar Wood Shims 42 ct Bundle,SUP-STAKE-24,"24"" Wood Stakes, Bundle of 12",,,2,sq,true,Cedar shakes not in catalog.,
o20,o20-3,marine plywood 3/4 x 60,,,60,sheet,true,Marine plywood is not in the catalog.,SHT-PLY-PT-34,"3/4"" Pressure-Treated Plywood 4x8",SHT-PLY-BIRCH-34,"3/4"" Birch Sanded Plywood 4x8",,,60,sheet,true,Marine plywood not in catalog; 60 unit unclear.,
o20,o20-4,40 5-gal pails deck stain,SUP-SEAL-EXT-5G,Exterior Wood Stain and Sealer 18.9 L Pail,40,pail,false,One matching product; 40 is under the 50-unit large-quantity threshold.,FST-DECK-3-TAN-1LB,"#10 x 3"" Exterior Deck Screws, Tan, 1 lb Box",FST-DECK-3-TAN-5LB,"#10 x 3"" Exterior Deck Screws, Tan, 5 lb Box",SUP-SEAL-EXT-5G,Exterior Wood Stain and Sealer 18.9 L Pail,40,pail,true,"Unusually large quantity; deck stain alias, confirm product.",shouldReview
